name	grade	country	industry	employees	roe	Year	roe_num	global_industry	continent	Ticker	maxAge	totalEsg	environmentScore	socialScore	governanceScore	ratingYear	ratingMonth	highestControversy	relatedControversy	adult	esgPerformance_LAG_PERF	esgPerformance_LEAD_PERF	esgPerformance_LAG_PERF	esgPerformance_LEAD_PERF	animalTesting_True	gambling_True	gmo_True	nuclear_True
10X Genomics, Inc.	22.5	United States of America	Pharmaceuticals	1,259	-24.87%	2024	-24.87	Healthcare and well-being	North America	TXG	86400.0	22.53	2.49	13.26	6.78	2025.0	1.0	1.0	['Business Ethics Incidents;Customer Incidents']	False	0	0	0	0	0	0	0	0
4imprint Group Plc	16.5	United Kingdom	Media	1,644	92.73%	2024	92.73	Commercial services and media	Europe	AIG	86400.0	23.6	1.95	11.0	10.64	2025.0	1.0	2.0	['Business Ethics Incidents;Customer Incidents']	False	0	0	0	0	0	0	0	0
A-Living Smart City Services Co., Ltd.	13.3	China	Real Estate	88,524	-12.88%	2024	-12.88	Real estate and related services	Asia	AEM	86400.0	21.85	10.51	7.86	3.48	2025.0	1.0	2.0	['Operations Incidents;Employee Incidents']	False	0	0	0	0	0	0	0	0
A.G. BARR Plc	26.7	United Kingdom	Food Products	1,030	12.60%	2024	12.6	Consumer sectors (B2C)	Europe	BPAQF	86400.0	33.2	16.04	9.77	7.39	2025.0	1.0	3.0	['Operations Incidents']	False	0	1	0	1	0	0	0	0
AB Dynamics Plc	15.4	United Kingdom	Auto Components	555	7.57%	2024	7.57	Industrial and manufacturing sectors	Europe	BPAQF	86400.0	33.2	16.04	9.77	7.39	2025.0	1.0	3.0	['Operations Incidents']	False	0	1	0	1	0	0	0	0
AB SA	25.8	Poland	Traders & Distributors	1,281	23.42%	2024	23.42	Transport and logistics	Europe	TIGO	86400.0	20.98	4.53	13.41	3.04	2025.0	1.0	1.0	['Customer Incidents;Business Ethics Incidents;Employee Incidents']	False	0	0	0	0	0	0	0	0
Abbott Laboratories	21.6	United States of America	Healthcare	114,000	14.84%	2024	14.84	Healthcare and well-being	North America	ABT	86400.0	22.21	1.81	13.84	6.56	2025.0	1.0	3.0	['Customer Incidents']	False	0	0	0	0	1	0	0	0
ABC arbitrage SA	24.1	France	Diversified Financials	103	10.40%	2024	10.4	Financial sectors	Europe	TIGO	86400.0	20.98	4.53	13.41	3.04	2025.0	1.0	1.0	['Customer Incidents;Business Ethics Incidents;Employee Incidents']	False	0	0	0	0	0	0	0	0
ABOUT YOU Holding SE	17.2	Germany	Retailing	1,230	-27.20%	2024	-27.2	Consumer sectors (B2C)	Europe	SAPGF	86400.0	14.37	3.44	7.8	3.13	2025.0	1.0	2.0	['Business Ethics Incidents;Customer Incidents;Employee Incidents']	False	1	0	1	0	0	0	0	0
abrdn European Logistics Income Plc	17.0	United Kingdom	Diversified Financials	0	-16.33%	2024	-16.33	Financial sectors	Europe	PNR	86400.0	22.0	6.12	10.73	5.15	2025.0	1.0	1.0	['Employee Incidents']	False	0	0	0	0	0	0	0	0
Accenture Plc	11.1	Ireland	Software & Services	774,000	26.83%	2024	26.83	Technology sectors	Europe	ACN	86400.0	11.09	0.14	6.94	4.01	2025.0	1.0	1.0	['Employee Incidents;Customer Incidents;Business Ethics Incidents']	False	1	0	1	0	0	0	0	0
Accor SA	16.1	France	Consumer Services	223,279	12.63%	2024	12.63	Consumer sectors (B2C)	Europe	TIGO	86400.0	20.98	4.53	13.41	3.04	2025.0	1.0	1.0	['Customer Incidents;Business Ethics Incidents;Employee Incidents']	False	0	0	0	0	0	0	0	0
Ackermans & van Haaren NV	7.2	Belgium	Diversified Financials	21,887	9.00%	2024	9.0	Financial sectors	Europe	ASMLF	86400.0	8.4	3.26	2.41	2.74	2025.0	1.0	2.0	['Society & Community Incidents;Business Ethics Incidents']	False	1	0	1	0	0	0	0	0
Adastria Co., Ltd.	18.8	Japan	Retailing	6,603	15.94%	2024	15.94	Consumer sectors (B2C)	Asia	AEP	86400.0	22.09	10.43	7.76	3.9	2025.0	1.0	2.0	['Customer Incidents;Public Policy Incidents']	False	0	0	0	0	0	0	0	1
Addnode Group AB	19.8	Sweden	Software & Services	2,700	17.41%	2024	17.41	Technology sectors	Europe	AIG	86400.0	23.6	1.95	11.0	10.64	2025.0	1.0	2.0	['Business Ethics Incidents;Customer Incidents']	False	0	0	0	0	0	0	0	0
Adecco Group AG	7.0	Switzerland	Commercial Services	72,438	8.49%	2024	8.49	Commercial services and media	Europe	AIG	86400.0	23.6	1.95	11.0	10.64	2025.0	1.0	2.0	['Business Ethics Incidents;Customer Incidents']	False	0	0	0	0	0	0	0	0
Adecoagro SA	30.4	Luxembourg	Food Products	8,981	11.56%	2024	11.56	Consumer sectors (B2C)	Europe	AGRO	86400.0	30.43	17.76	8.46	4.2	2025.0	1.0	1.0	['Business Ethics Incidents']	False	0	1	0	1	0	0	1	0
adesso SE	22.3	Germany	Software & Services	10,101	2.96%	2024	2.96	Technology sectors	Europe	TTFNF	86400.0	30.12	13.81	9.0	7.31	2025.0	1.0	3.0	['Society & Community Incidents']	False	0	1	0	1	0	0	0	0
Admiral Group Plc	24.2	United Kingdom	Insurance	13,000	39.27%	2024	39.27	Financial sectors	Europe	AIG	86400.0	23.6	1.95	11.0	10.64	2025.0	1.0	2.0	['Business Ethics Incidents;Customer Incidents']	False	0	0	0	0	0	0	0	0
Adriatic Metals Plc	40.2	United Kingdom	Diversified Metals	285	-33.72%	2024	-33.72	Energy and natural resources	Europe	PNR	86400.0	22.0	6.12	10.73	5.15	2025.0	1.0	1.0	['Employee Incidents']	False	0	0	0	0	0	0	0	0
ADVAN GROUP CO., LTD	26.1	Japan	Traders & Distributors	248	20.52%	2024	20.52	Transport and logistics	Asia	AEP	86400.0	22.09	10.43	7.76	3.9	2025.0	1.0	2.0	['Customer Incidents;Public Policy Incidents']	False	0	0	0	0	0	0	0	1
Advance Auto Parts, Inc.	10.7	United States of America	Retailing	40,000	1.80%	2024	1.8	Consumer sectors (B2C)	North America	AAP	86400.0	10.72	0.23	8.17	2.32	2025.0	1.0	2.0	['Customer Incidents']	False	1	0	1	0	0	0	0	0
Advanced Medical Solutions Group Plc	18.5	United Kingdom	Healthcare	1,500	4.59%	2024	4.59	Healthcare and well-being	Europe	SWKS	86400.0	24.11	9.94	7.92	6.25	2025.0	1.0	1.0	['Business Ethics Incidents']	False	0	0	0	0	0	0	0	0
AECOM	26.9	United States of America	Construction & Engineering	51,000	23.78%	2024	23.78	Industrial and manufacturing sectors	North America	ACM	86400.0	26.92	12.04	11.35	3.53	2025.0	1.0	2.0	['Employee Incidents;Customer Incidents']	False	0	0	0	0	0	0	0	0
Aegean Airlines SA	27.7	Greece	Transportation	3,300	26.10%	2024	26.1	Transport and logistics	Europe	AAL	86400.0	23.69	9.55	11.32	2.83	2025.0	1.0	2.0	['Customer Incidents;Employee Incidents']	False	0	0	0	0	0	0	0	0
AEON Financial Service Co., Ltd.	27.9	Japan	Banks	15,968	6.71%	2024	6.71	Financial sectors	Asia	AXP	86400.0	18.28	0.13	9.7	8.45	2025.0	1.0	2.0	['Customer Incidents;Business Ethics Incidents']	False	1	0	1	0	0	0	0	0
AEON Mall Co., Ltd.	19.0	Japan	Real Estate	3,854	3.71%	2024	3.71	Real estate and related services	Asia	AEP	86400.0	22.09	10.43	7.76	3.9	2025.0	1.0	2.0	['Customer Incidents;Public Policy Incidents']	False	0	0	0	0	0	0	0	1
AerCap Holdings NV	17.8	Ireland	Traders & Distributors	678	15.30%	2024	15.3	Transport and logistics	Europe	AER	86400.0	17.84	5.3	7.41	5.13	2025.0	1.0	1.0	['Customer Incidents']	False	1	0	1	0	0	0	0	0
AEVIS VICTORIA SA	37.9	Switzerland	Healthcare	4,033	-5.95%	2024	-5.95	Healthcare and well-being	Europe	TIGO	86400.0	20.98	4.53	13.41	3.04	2025.0	1.0	1.0	['Customer Incidents;Business Ethics Incidents;Employee Incidents']	False	0	0	0	0	0	0	0	0
Affirm Holdings, Inc.	22.9	United States of America	Diversified Financials	2,006	-16.52%	2024	-16.52	Financial sectors	North America	AFRM	86400.0	22.94	0.34	13.52	9.08	2025.0	1.0	1.0	['Governance Incidents']	False	0	0	0	0	0	0	0	0
AGCO Corp.	17.2	United States of America	Machinery	27,900	3.78%	2024	3.78	Industrial and manufacturing sectors	North America	AGCO	86400.0	17.2	3.74	9.47	3.98	2025.0	1.0	1.0	['Customer Incidents;Employee Incidents']	False	1	0	1	0	0	0	0	0
Agilon Health, Inc.	23.5	United States of America	Healthcare	1,117	-43.00%	2024	-43.0	Healthcare and well-being	North America	AGL	86400.0	23.46	0.39	18.62	4.44	2025.0	1.0	0.0	['Operations Incidents;Environmental Supply Chain Incidents;Business Ethics Incidents;Product & Service Incidents;Public Policy Incidents;Governance Incidents;Employee Incidents;Social Supply Chain Incidents;Customer Incidents;Society & Community Incidents']	False	0	0	0	0	0	0	0	0
AIM Vaccine Co., Ltd.	27.5	China	Pharmaceuticals	1,557	-39.44%	2024	-39.44	Healthcare and well-being	Asia	AEP	86400.0	22.09	10.43	7.76	3.9	2025.0	1.0	2.0	['Customer Incidents;Public Policy Incidents']	False	0	0	0	0	0	0	0	1
Aiphone Co., Ltd.	18.7	Japan	Technology Hardware	1,999	5.82%	2024	5.82	Technology sectors	Asia	AEP	86400.0	22.09	10.43	7.76	3.9	2025.0	1.0	2.0	['Customer Incidents;Public Policy Incidents']	False	0	0	0	0	0	0	0	1
Air Lease Corp.	13.4	United States of America	Traders & Distributors	163	7.32%	2024	7.32	Transport and logistics	North America	AL	86400.0	13.43	2.85	5.82	4.76	2025.0	1.0	0.0	['Public Policy Incidents;Society & Community Incidents;Environmental Supply Chain Incidents;Customer Incidents;Business Ethics Incidents;Operations Incidents;Employee Incidents;Governance Incidents;Product & Service Incidents;Social Supply Chain Incidents']	False	1	0	1	0	0	0	0	0
Airbnb, Inc.	23.4	United States of America	Software & Services	6,907	20.87%	2024	20.87	Technology sectors	North America	ABNB	86400.0	23.39	1.3	13.81	8.28	2025.0	1.0	2.0	['Business Ethics Incidents;Customer Incidents']	False	0	0	0	0	0	0	0	0
Aker BP ASA	35.3	Norway	Oil & Gas Producers	2,727	11.44%	2024	11.44	Energy and natural resources	Europe	BPAQF	86400.0	33.2	16.04	9.77	7.39	2025.0	1.0	3.0	['Operations Incidents']	False	0	1	0	1	0	0	0	0
Alaska Air Group, Inc.	25.2	United States of America	Transportation	23,784	7.51%	2024	7.51	Transport and logistics	North America	ALK	86400.0	25.15	9.63	11.03	4.49	2025.0	1.0	2.0	['Customer Incidents;Employee Incidents']	False	0	0	0	0	0	0	0	0
Alerion Cleanpower SpA	27.5	Italy	Utilities	195	11.67%	2024	11.67	Utilities	Europe	EIPAF	86400.0	25.91	14.87	6.31	4.73	2025.0	1.0	2.0	['Operations Incidents;Customer Incidents;Employee Incidents;Business Ethics Incidents;Society & Community Incidents;Product & Service Incidents']	False	0	0	0	0	0	0	0	0
Alexandria Real Estate Equities, Inc.	13.1	United States of America	Real Estate	568	2.13%	2024	2.13	Real estate and related services	North America	ARE	86400.0	13.14	2.85	3.69	6.59	2025.0	1.0	0.0	['Public Policy Incidents;Environmental Supply Chain Incidents;Governance Incidents;Product & Service Incidents;Society & Community Incidents;Employee Incidents;Customer Incidents;Business Ethics Incidents;Social Supply Chain Incidents;Operations Incidents']	False	1	0	1	0	0	0	0	0
Alimak Group AB	22.1	Sweden	Machinery	2,968	7.58%	2024	7.58	Industrial and manufacturing sectors	Europe	AIG	86400.0	23.6	1.95	11.0	10.64	2025.0	1.0	2.0	['Business Ethics Incidents;Customer Incidents']	False	0	0	0	0	0	0	0	0
Alkermes Plc	22.8	Ireland	Pharmaceuticals	2,100	29.23%	2024	29.23	Healthcare and well-being	Europe	ALKS	86400.0	22.85	1.81	15.97	5.07	2025.0	1.0	0.0	['Public Policy Incidents;Social Supply Chain Incidents;Product & Service Incidents;Environmental Supply Chain Incidents;Operations Incidents;Customer Incidents;Society & Community Incidents;Business Ethics Incidents;Employee Incidents;Governance Incidents']	False	0	0	0	0	1	0	0	0
Allegro MicroSystems, Inc.	14.1	United States of America	Semiconductors	4,593	-2.44%	2024	-2.44	Technology sectors	North America	ALGM	86400.0	14.08	4.24	4.33	5.51	2025.0	1.0	0.0	['Product & Service Incidents;Customer Incidents;Governance Incidents;Employee Incidents;Public Policy Incidents;Operations Incidents;Business Ethics Incidents;Society & Community Incidents;Environmental Supply Chain Incidents;Social Supply Chain Incidents']	False	1	0	1	0	0	0	0	0
Alliant Energy Corp.	17.1	United States of America	Utilities	3,281	9.65%	2024	9.65	Utilities	North America	LNT	86400.0	17.11	6.79	5.25	5.07	2025.0	1.0	0.0	['Public Policy Incidents;Social Supply Chain Incidents;Product & Service Incidents;Customer Incidents;Operations Incidents;Governance Incidents;Business Ethics Incidents;Society & Community Incidents;Employee Incidents;Environmental Supply Chain Incidents']	False	1	0	1	0	0	0	0	0
Allison Transmission Holdings, Inc.	29.4	United States of America	Machinery	3,700	51.76%	2024	51.76	Industrial and manufacturing sectors	North America	ALSN	86400.0	29.37	13.05	10.66	5.66	2025.0	1.0	0.0	['Public Policy Incidents;Operations Incidents;Employee Incidents;Society & Community Incidents;Product & Service Incidents;Social Supply Chain Incidents;Governance Incidents;Environmental Supply Chain Incidents;Customer Incidents;Business Ethics Incidents']	False	0	0	0	0	0	0	0	0
Alphawave IP Group Plc	29.6	United Kingdom	Semiconductors	896	-17.71%	2024	-17.71	Technology sectors	Europe	AIG	86400.0	23.6	1.95	11.0	10.64	2025.0	1.0	2.0	['Business Ethics Incidents;Customer Incidents']	False	0	0	0	0	0	0	0	0
Alten SA	17.6	France	Software & Services	58,300	11.94%	2024	11.94	Technology sectors	Europe	TIGO	86400.0	20.98	4.53	13.41	3.04	2025.0	1.0	1.0	['Customer Incidents;Business Ethics Incidents;Employee Incidents']	False	0	0	0	0	0	0	0	0
Amazon.com, Inc.	26.1	United States of America	Retailing	1,525,000	22.56%	2024	22.56	Consumer sectors (B2C)	North America	AMZN	86400.0	26.1	8.3	11.05	6.75	2025.0	1.0	3.0	['Customer Incidents;Social Supply Chain Incidents;Employee Incidents']	False	0	0	0	0	0	0	0	0
Amcor Plc	14.7	United Kingdom	Containers & Packaging	35,000	19.58%	2024	19.58	Industrial and manufacturing sectors	Europe	AMCR	86400.0	14.69	11.21	0.95	2.54	2025.0	1.0	1.0	['Employee Incidents;Business Ethics Incidents']	False	1	0	1	0	0	0	0	0
Ameren Corp.	27.0	United States of America	Utilities	9,372	9.84%	2024	9.84	Utilities	North America	AEE	86400.0	26.97	13.09	9.82	4.05	2025.0	1.0	2.0	['Operations Incidents;Employee Incidents']	False	0	0	0	0	0	0	0	1
American Tower Corp.	12.6	United States of America	Real Estate	5,643	17.69%	2024	17.69	Real estate and related services	North America	AMT	86400.0	12.62	4.22	3.93	4.47	2025.0	1.0	1.0	['Customer Incidents;Business Ethics Incidents;Society & Community Incidents']	False	1	0	1	0	0	0	0	0
Americold Realty Trust, Inc.	13.2	United States of America	Real Estate	14,706	-7.77%	2024	-7.77	Real estate and related services	North America	COLD	86400.0	13.22	4.3	5.6	3.32	2025.0	1.0	1.0	['Customer Incidents']	False	1	0	1	0	0	0	0	0
AMETEK, Inc.	14.2	United States of America	Technology Hardware	21,500	14.89%	2024	14.89	Technology sectors	North America	AME	86400.0	14.23	6.49	3.74	4.0	2025.0	1.0	0.0	['Environmental Supply Chain Incidents;Product & Service Incidents;Operations Incidents;Social Supply Chain Incidents;Society & Community Incidents;Customer Incidents;Business Ethics Incidents;Employee Incidents;Public Policy Incidents;Governance Incidents']	False	1	0	1	0	0	0	0	0
AMG Critical Materials NV	36.5	Netherlands	Diversified Metals	3,600	-5.96%	2024	-5.96	Energy and natural resources	Europe	ASMLF	86400.0	8.4	3.26	2.41	2.74	2025.0	1.0	2.0	['Society & Community Incidents;Business Ethics Incidents']	False	1	0	1	0	0	0	0	0
Amphenol Corp.	18.0	United States of America	Technology Hardware	95,000	25.29%	2024	25.29	Technology sectors	North America	APH	86400.0	17.89	8.21	4.77	4.9	2025.0	1.0	2.0	['Business Ethics Incidents']	False	1	0	1	0	0	0	0	0
Amplifon SpA	14.1	Italy	Healthcare	20,300	14.24%	2024	14.24	Healthcare and well-being	Europe	EIPAF	86400.0	25.91	14.87	6.31	4.73	2025.0	1.0	2.0	['Operations Incidents;Customer Incidents;Employee Incidents;Business Ethics Incidents;Society & Community Incidents;Product & Service Incidents']	False	0	0	0	0	0	0	0	0
AmRest Holdings SE	29.7	Spain	Consumer Services	45,000	-0.45%	2024	-0.45	Consumer sectors (B2C)	Europe	LECO	86400.0	20.98	6.83	10.22	3.93	2025.0	1.0	1.0	['Customer Incidents']	False	0	0	0	0	0	0	0	0
Anglo American Plc	25.7	United Kingdom	Diversified Metals	58,000	-2.24%	2024	-2.24	Energy and natural resources	Europe	AEP	86400.0	22.09	10.43	7.76	3.9	2025.0	1.0	2.0	['Customer Incidents;Public Policy Incidents']	False	0	0	0	0	0	0	0	1
Anhui Golden Seed Winery Co., Ltd.	31.5	China	Food Products	2,211	-3.45%	2024	-3.45	Consumer sectors (B2C)	Asia	AEM	86400.0	21.85	10.51	7.86	3.48	2025.0	1.0	2.0	['Operations Incidents;Employee Incidents']	False	0	0	0	0	0	0	0	0
Anhui Heli Co., Ltd.	33.8	China	Machinery	8,734	15.85%	2024	15.85	Industrial and manufacturing sectors	Asia	AEP	86400.0	22.09	10.43	7.76	3.9	2025.0	1.0	2.0	['Customer Incidents;Public Policy Incidents']	False	0	0	0	0	0	0	0	1
Anhui Huaheng Biotechnology Co., Ltd.	30.8	China	Pharmaceuticals	1,691	16.60%	2024	16.6	Healthcare and well-being	Asia	AEM	86400.0	21.85	10.51	7.86	3.48	2025.0	1.0	2.0	['Operations Incidents;Employee Incidents']	False	0	0	0	0	0	0	0	0
Anhui Yingjia Distillery Co., Ltd.	35.0	China	Food Products	7,406	30.88%	2024	30.88	Consumer sectors (B2C)	Asia	AEM	86400.0	21.85	10.51	7.86	3.48	2025.0	1.0	2.0	['Operations Incidents;Employee Incidents']	False	0	0	0	0	0	0	0	0
Anhui Yingliu Electromechanical Co., Ltd.	47.2	China	Steel	4,957	5.34%	2024	5.34	Industrial and manufacturing sectors	Asia	AEM	86400.0	21.85	10.51	7.86	3.48	2025.0	1.0	2.0	['Operations Incidents;Employee Incidents']	False	0	0	0	0	0	0	0	0
Anhui Zhongding Sealing Parts Co., Ltd.	31.6	China	Auto Components	23,183	10.60%	2024	10.6	Industrial and manufacturing sectors	Asia	AEM	86400.0	21.85	10.51	7.86	3.48	2025.0	1.0	2.0	['Operations Incidents;Employee Incidents']	False	0	0	0	0	0	0	0	0
Annehem Fastigheter AB	22.3	Sweden	Real Estate	16	-1.12%	2024	-1.12	Real estate and related services	Europe	OTLY	86400.0	25.31	11.67	9.97	3.67	2025.0	1.0	1.0	['Business Ethics Incidents;Customer Incidents']	False	0	0	0	0	0	0	0	0
Antero Resources Corp.	34.5	United States of America	Oil & Gas Producers	604	1.31%	2024	1.31	Energy and natural resources	North America	AR	86400.0	34.48	20.53	8.26	5.68	2025.0	1.0	1.0	['Business Ethics Incidents']	False	0	1	0	1	0	0	0	0
Aotecar New Energy Technology Co., Ltd.	37.2	China	Auto Components	8,117	1.71%	2024	1.71	Industrial and manufacturing sectors	Asia	AEM	86400.0	21.85	10.51	7.86	3.48	2025.0	1.0	2.0	['Operations Incidents;Employee Incidents']	False	0	0	0	0	0	0	0	0
Apeloa Pharmaceutical Co., Ltd.	41.5	China	Pharmaceuticals	7,208	17.03%	2024	17.03	Healthcare and well-being	Asia	TKPHF	86400.0	21.34	1.56	13.54	6.24	2025.0	1.0	3.0	['Customer Incidents']	False	0	0	0	0	1	0	0	0
Aperam SA	19.8	Luxembourg	Steel	11,000	8.51%	2024	8.51	Industrial and manufacturing sectors	Europe	TIGO	86400.0	20.98	4.53	13.41	3.04	2025.0	1.0	1.0	['Customer Incidents;Business Ethics Incidents;Employee Incidents']	False	0	0	0	0	0	0	0	0
Aptiv Plc	12.9	Switzerland	Auto Components	31,000	24.21%	2024	24.21	Industrial and manufacturing sectors	Europe	APTV	86400.0	12.89	4.35	4.56	3.97	2025.0	1.0	1.0	['Business Ethics Incidents']	False	1	0	1	0	0	0	0	0
Aquafil SpA	11.3	Italy	Textiles & Apparel	2,482	-13.73%	2024	-13.73	Consumer sectors (B2C)	Europe	EIPAF	86400.0	25.91	14.87	6.31	4.73	2025.0	1.0	2.0	['Operations Incidents;Customer Incidents;Employee Incidents;Business Ethics Incidents;Society & Community Incidents;Product & Service Incidents']	False	0	0	0	0	0	0	0	0
Aramark	22.2	United States of America	Consumer Services	27,160	7.74%	2024	7.74	Consumer sectors (B2C)	North America	ARMK	86400.0	22.16	8.71	10.56	2.89	2025.0	1.0	2.0	['Customer Incidents;Employee Incidents']	False	0	0	0	0	0	0	0	0
Archer-Daniels-Midland Co.	33.7	United States of America	Food Products	40,213	7.36%	2024	7.36	Consumer sectors (B2C)	North America	ADM	86400.0	33.7	20.92	9.39	3.4	2025.0	1.0	3.0	['Environmental Supply Chain Incidents;Social Supply Chain Incidents']	False	0	1	0	1	0	0	0	0
Arcs Co., Ltd.	32.7	Japan	Food Retailers	5,720	13.25%	2024	13.25	Consumer sectors (B2C)	Asia	AEM	86400.0	21.85	10.51	7.86	3.48	2025.0	1.0	2.0	['Operations Incidents;Employee Incidents']	False	0	0	0	0	0	0	0	0
Arctic Paper SA	20.9	Poland	Paper & Forestry	1,500	9.95%	2024	9.95	Industrial and manufacturing sectors	Europe	IP	86400.0	23.43	15.13	5.61	2.69	2025.0	1.0	3.0	['Operations Incidents']	False	0	0	0	0	0	0	0	0
Arendals Fossekompani ASA	32.8	Norway	Industrial Conglomerates	2,601	-4.85%	2024	-4.85	Industrial and manufacturing sectors	Europe	STOHF	86400.0	36.59	21.12	11.39	4.08	2025.0	1.0	2.0	['Product & Service Incidents;Employee Incidents;Customer Incidents;Society & Community Incidents;Operations Incidents;Business Ethics Incidents']	False	0	1	0	1	0	0	0	0
Arnoldo Mondadori Editore SpA	12.2	Italy	Media	2,103	18.72%	2024	18.72	Commercial services and media	Europe	EIPAF	86400.0	25.91	14.87	6.31	4.73	2025.0	1.0	2.0	['Operations Incidents;Customer Incidents;Employee Incidents;Business Ethics Incidents;Society & Community Incidents;Product & Service Incidents']	False	0	0	0	0	0	0	0	0
Aroundtown SA	10.1	Luxembourg	Real Estate	1,706	-7.85%	2024	-7.85	Real estate and related services	Europe	TIGO	86400.0	20.98	4.53	13.41	3.04	2025.0	1.0	1.0	['Customer Incidents;Business Ethics Incidents;Employee Incidents']	False	0	0	0	0	0	0	0	0
Asahi Diamond Industrial Co., Ltd.	34.9	Japan	Machinery	2,059	3.35%	2024	3.35	Industrial and manufacturing sectors	Asia	AEM	86400.0	21.85	10.51	7.86	3.48	2025.0	1.0	2.0	['Operations Incidents;Employee Incidents']	False	0	0	0	0	0	0	0	0
Ascopiave SpA	29.0	Italy	Utilities	500	5.75%	2024	5.75	Utilities	Europe	EIPAF	86400.0	25.91	14.87	6.31	4.73	2025.0	1.0	2.0	['Operations Incidents;Customer Incidents;Employee Incidents;Business Ethics Incidents;Society & Community Incidents;Product & Service Incidents']	False	0	0	0	0	0	0	0	0
Ashmore Group Plc	18.3	United Kingdom	Diversified Financials	305	10.89%	2024	10.89	Financial sectors	Europe	AIG	86400.0	23.6	1.95	11.0	10.64	2025.0	1.0	2.0	['Business Ethics Incidents;Customer Incidents']	False	0	0	0	0	0	0	0	0
Asia-Potash International Investment (Guangzhou) Co., Ltd.	56.0	China	Diversified Metals	6,557	5.64%	2024	5.64	Energy and natural resources	Asia	AEM	86400.0	21.85	10.51	7.86	3.48	2025.0	1.0	2.0	['Operations Incidents;Employee Incidents']	False	0	0	0	0	0	0	0	0
ASKA Pharmaceutical Holdings Co., Ltd.	29.8	Japan	Pharmaceuticals	762	9.73%	2024	9.73	Healthcare and well-being	Asia	AEM	86400.0	21.85	10.51	7.86	3.48	2025.0	1.0	2.0	['Operations Incidents;Employee Incidents']	False	0	0	0	0	0	0	0	0
ASML Holding NV	8.5	Netherlands	Semiconductors	42,372	49.22%	2024	49.22	Technology sectors	Europe	ASMLF	86400.0	8.4	3.26	2.41	2.74	2025.0	1.0	2.0	['Society & Community Incidents;Business Ethics Incidents']	False	1	0	1	0	0	0	0	0
ASOS Plc	21.5	United Kingdom	Retailing	3,027	-48.80%	2024	-48.8	Consumer sectors (B2C)	Europe	UNLYF	86400.0	21.55	7.94	9.09	4.53	2025.0	1.0	2.0	['Customer Incidents;Employee Incidents;Social Supply Chain Incidents;Governance Incidents;Business Ethics Incidents;Product & Service Incidents;Operations Incidents;Environmental Supply Chain Incidents']	False	0	0	0	0	0	0	0	0
ASR Microelectronics Co., Ltd.	33.9	China	Telecommunication Services	1,263	-7.96%	2024	-7.96	Technology sectors	Asia	AXP	86400.0	18.28	0.13	9.7	8.45	2025.0	1.0	2.0	['Customer Incidents;Business Ethics Incidents']	False	1	0	1	0	0	0	0	0
Asseco Poland SA	25.0	Poland	Software & Services	33,761	14.03%	2024	14.03	Technology sectors	Europe	TIGO	86400.0	20.98	4.53	13.41	3.04	2025.0	1.0	1.0	['Customer Incidents;Business Ethics Incidents;Employee Incidents']	False	0	0	0	0	0	0	0	0
Assicurazioni Generali SpA	15.7	Italy	Insurance	82,000	12.83%	2024	12.83	Financial sectors	Europe	EIPAF	86400.0	25.91	14.87	6.31	4.73	2025.0	1.0	2.0	['Operations Incidents;Customer Incidents;Employee Incidents;Business Ethics Incidents;Society & Community Incidents;Product & Service Incidents']	False	0	0	0	0	0	0	0	0
AstraZeneca PLC	21.5	United Kingdom	Pharmaceuticals	89,900	16.66%	2024	16.66	Healthcare and well-being	Europe	AZNCF	86400.0	21.49	2.65	14.08	4.76	2025.0	1.0	2.0	['Society & Community Incidents;Business Ethics Incidents;Customer Incidents']	False	0	0	0	0	1	0	0	0
Asymchem Laboratories (Tianjin) Co., Ltd.	19.1	China	Pharmaceuticals	9,300	4.40%	2024	4.4	Healthcare and well-being	Asia	ABT	86400.0	22.21	1.81	13.84	6.56	2025.0	1.0	3.0	['Customer Incidents']	False	0	0	0	0	1	0	0	0
Atlantica Sustainable Infrastructure Plc	13.3	United Kingdom	Utilities	1,366	1.70%	2024	1.7	Utilities	Europe	PNR	86400.0	22.0	6.12	10.73	5.15	2025.0	1.0	1.0	['Employee Incidents']	False	0	0	0	0	0	0	0	0
Atlassian Corp.	17.7	United States of America	Software & Services	12,157	-43.52%	2024	-43.52	Technology sectors	North America	TEAM	86400.0	17.68	1.48	8.92	7.29	2025.0	1.0	2.0	['Business Ethics Incidents']	False	1	0	1	0	0	0	0	0
Atrae, Inc.	23.0	Japan	Software & Services	109	13.50%	2024	13.5	Technology sectors	Asia	NTRA	86400.0	29.69	1.43	21.3	6.96	2025.0	1.0	2.0	['Customer Incidents']	False	0	0	0	0	1	0	0	0
Atrato Onsite Energy Plc	33.2	United Kingdom	Diversified Financials	Non disponible	1.50%	2024	1.5	Financial sectors	Europe	XEL	86400.0	26.57	13.17	9.48	3.92	2025.0	1.0	2.0	['Operations Incidents;Customer Incidents']	False	0	0	0	0	0	0	0	1
Auto1 Group SE	11.8	Germany	Retailing	5,393	-2.66%	2024	-2.66	Consumer sectors (B2C)	Europe	AIG	86400.0	23.6	1.95	11.0	10.64	2025.0	1.0	2.0	['Business Ethics Incidents;Customer Incidents']	False	0	0	0	0	0	0	0	0
Automatic Data Processing, Inc.	15.1	United States of America	Software & Services	64,000	87.26%	2024	87.26	Technology sectors	North America	ADP	86400.0	15.12	4.01	7.37	3.74	2025.0	1.0	1.0	['Governance Incidents;Employee Incidents;Customer Incidents']	False	1	0	1	0	0	0	0	0
AutoNation, Inc.	12.8	United States of America	Retailing	25,300	32.01%	2024	32.01	Consumer sectors (B2C)	North America	AN	86400.0	12.8	0.3	8.72	3.78	2025.0	1.0	2.0	['Customer Incidents']	False	1	0	1	0	0	0	0	0
Avery Dennison Corp.	11.0	United States of America	Containers & Packaging	35,000	30.24%	2024	30.24	Industrial and manufacturing sectors	North America	AVY	86400.0	10.98	7.03	1.28	2.67	2025.0	1.0	1.0	['Business Ethics Incidents;Customer Incidents;Employee Incidents']	False	1	0	1	0	1	0	0	0
AVIC Industry-Finance Holdings Co., Ltd.	19.1	China	Diversified Financials	3,233	2.09%	2024	2.09	Financial sectors	Asia	AEM	86400.0	21.85	10.51	7.86	3.48	2025.0	1.0	2.0	['Operations Incidents;Employee Incidents']	False	0	0	0	0	0	0	0	0
Axon Enterprise, Inc.	30.5	United States of America	Aerospace & Defense	3,330	16.42%	2024	16.42	Transport and logistics	North America	AXON	86400.0	30.49	2.38	20.09	8.03	2025.0	1.0	1.0	['Customer Incidents']	False	0	1	0	1	0	0	0	0
Azelis Group NV	11.7	Belgium	Traders & Distributors	4,200	6.71%	2024	6.71	Transport and logistics	Europe	AIG	86400.0	23.6	1.95	11.0	10.64	2025.0	1.0	2.0	['Business Ethics Incidents;Customer Incidents']	False	0	0	0	0	0	0	0	0
B&S Group SA	9.5	Luxembourg	Healthcare	1,935	19.86%	2024	19.86	Healthcare and well-being	Europe	AIG	86400.0	23.6	1.95	11.0	10.64	2025.0	1.0	2.0	['Business Ethics Incidents;Customer Incidents']	False	0	0	0	0	0	0	0	0
B3 Consulting Group AB	22.1	Sweden	Software & Services	1,009	40.68%	2024	40.68	Technology sectors	Europe	AIG	86400.0	23.6	1.95	11.0	10.64	2025.0	1.0	2.0	['Business Ethics Incidents;Customer Incidents']	False	0	0	0	0	0	0	0	0
Bakkavor Group Plc	28.1	United Kingdom	Food Products	Non disponible	10.44%	2024	10.44	Consumer sectors (B2C)	Europe	AIG	86400.0	23.6	1.95	11.0	10.64	2025.0	1.0	2.0	['Business Ethics Incidents;Customer Incidents']	False	0	0	0	0	0	0	0	0
Balco Group AB	17.2	Sweden	Building Products	631	1.71%	2024	1.71	Industrial and manufacturing sectors	Europe	AIG	86400.0	23.6	1.95	11.0	10.64	2025.0	1.0	2.0	['Business Ethics Incidents;Customer Incidents']	False	0	0	0	0	0	0	0	0
Banca IFIS SpA	20.7	Italy	Diversified Financials	2,001	9.39%	2024	9.39	Financial sectors	Europe	EIPAF	86400.0	25.91	14.87	6.31	4.73	2025.0	1.0	2.0	['Operations Incidents;Customer Incidents;Employee Incidents;Business Ethics Incidents;Society & Community Incidents;Product & Service Incidents']	False	0	0	0	0	0	0	0	0
Banca Mediolanum SpA	24.0	Italy	Banks	3,738	25.25%	2024	25.25	Financial sectors	Europe	EIPAF	86400.0	25.91	14.87	6.31	4.73	2025.0	1.0	2.0	['Operations Incidents;Customer Incidents;Employee Incidents;Business Ethics Incidents;Society & Community Incidents;Product & Service Incidents']	False	0	0	0	0	0	0	0	0
Banca Transilvania SA	14.9	Romania	Banks	12,037	31.16%	2024	31.16	Financial sectors	Europe	TIGO	86400.0	20.98	4.53	13.41	3.04	2025.0	1.0	1.0	['Customer Incidents;Business Ethics Incidents;Employee Incidents']	False	0	0	0	0	0	0	0	0
Banque Cantonale de Genève	29.9	Switzerland	Banks	971	10.70%	2024	10.7	Financial sectors	Europe	CLX	86400.0	20.03	7.94	8.5	3.59	2025.0	1.0	2.0	['Customer Incidents']	False	0	0	0	0	0	0	0	0
Baoshan Iron & Steel Co., Ltd.	34.0	China	Steel	43,126	5.02%	2024	5.02	Industrial and manufacturing sectors	Asia	AXP	86400.0	18.28	0.13	9.7	8.45	2025.0	1.0	2.0	['Customer Incidents;Business Ethics Incidents']	False	1	0	1	0	0	0	0	0
Baotailong New Materials Co., Ltd.	50.5	China	Oil & Gas Producers	2,362	-26.37%	2024	-26.37	Energy and natural resources	Asia	AEM	86400.0	21.85	10.51	7.86	3.48	2025.0	1.0	2.0	['Operations Incidents;Employee Incidents']	False	0	0	0	0	0	0	0	0
Barry Callebaut AG	23.4	Switzerland	Food Products	13,423	6.65%	2024	6.65	Consumer sectors (B2C)	Europe	BYCBF	86400.0	23.44	11.38	7.93	4.13	2025.0	1.0	2.0	['Social Supply Chain Incidents']	False	0	0	0	0	0	0	0	0
Base Co., Ltd.	22.2	Japan	Software & Services	1,134	31.18%	2024	31.18	Technology sectors	Asia	AEM	86400.0	21.85	10.51	7.86	3.48	2025.0	1.0	2.0	['Operations Incidents;Employee Incidents']	False	0	0	0	0	0	0	0	0
BasicNet SpA	21.8	Italy	Retailing	1,078	12.89%	2024	12.89	Consumer sectors (B2C)	Europe	EIPAF	86400.0	25.91	14.87	6.31	4.73	2025.0	1.0	2.0	['Operations Incidents;Customer Incidents;Employee Incidents;Business Ethics Incidents;Society & Community Incidents;Product & Service Incidents']	False	0	0	0	0	0	0	0	0
BE Group AB	18.8	Sweden	Traders & Distributors	634	-1.30%	2024	-1.3	Transport and logistics	Europe	AIG	86400.0	23.6	1.95	11.0	10.64	2025.0	1.0	2.0	['Business Ethics Incidents;Customer Incidents']	False	0	0	0	0	0	0	0	0
Befesa SA	13.1	Luxembourg	Commercial Services	1,834	6.87%	2024	6.87	Commercial services and media	Europe	TIGO	86400.0	20.98	4.53	13.41	3.04	2025.0	1.0	1.0	['Customer Incidents;Business Ethics Incidents;Employee Incidents']	False	0	0	0	0	0	0	0	0
Beijing Balance Medical Technology Co., Ltd.	34.5	China	Healthcare	473	7.85%	2024	7.85	Healthcare and well-being	Asia	AEM	86400.0	21.85	10.51	7.86	3.48	2025.0	1.0	2.0	['Operations Incidents;Employee Incidents']	False	0	0	0	0	0	0	0	0
Beijing Capital Eco-Environment Protection Group Co., Ltd.	45.9	China	Machinery	16,910	10.17%	2024	10.17	Industrial and manufacturing sectors	Asia	AEM	86400.0	21.85	10.51	7.86	3.48	2025.0	1.0	2.0	['Operations Incidents;Employee Incidents']	False	0	0	0	0	0	0	0	0
Beijing Chunlizhengda Medical Instruments Co., Ltd.	31.0	China	Healthcare	1,291	5.68%	2024	5.68	Healthcare and well-being	Asia	AEM	86400.0	21.85	10.51	7.86	3.48	2025.0	1.0	2.0	['Operations Incidents;Employee Incidents']	False	0	0	0	0	0	0	0	0
Beijing CTJ Information Technology Co., Ltd.	29.0	China	Software & Services	1,556	7.20%	2024	7.2	Technology sectors	Asia	AEM	86400.0	21.85	10.51	7.86	3.48	2025.0	1.0	2.0	['Operations Incidents;Employee Incidents']	False	0	0	0	0	0	0	0	0
Beijing Cuiwei Tower Co., Ltd.	27.7	China	Commercial Services	2,090	-22.66%	2024	-22.66	Commercial services and media	Asia	AXP	86400.0	18.28	0.13	9.7	8.45	2025.0	1.0	2.0	['Customer Incidents;Business Ethics Incidents']	False	1	0	1	0	0	0	0	0
Beijing Dabeinong Technology Group Co., Ltd.	50.6	China	Food Products	18,465	-10.04%	2024	-10.04	Consumer sectors (B2C)	Asia	AEM	86400.0	21.85	10.51	7.86	3.48	2025.0	1.0	2.0	['Operations Incidents;Employee Incidents']	False	0	0	0	0	0	0	0	0
Beijing Electronic Zone High-tech Group Co., Ltd.	25.3	China	Real Estate	973	-9.02%	2024	-9.02	Real estate and related services	Asia	AEM	86400.0	21.85	10.51	7.86	3.48	2025.0	1.0	2.0	['Operations Incidents;Employee Incidents']	False	0	0	0	0	0	0	0	0
Beijing Fourth Paradigm Technology Co., Ltd.	28.6	China	Software & Services	958	-38.25%	2024	-38.25	Technology sectors	Asia	AEM	86400.0	21.85	10.51	7.86	3.48	2025.0	1.0	2.0	['Operations Incidents;Employee Incidents']	False	0	0	0	0	0	0	0	0
Beijing Gehua CATV Network Co., Ltd.	25.0	China	Media	3,275	-0.78%	2024	-0.78	Commercial services and media	Asia	AEM	86400.0	21.85	10.51	7.86	3.48	2025.0	1.0	2.0	['Operations Incidents;Employee Incidents']	False	0	0	0	0	0	0	0	0
Beijing Global Safety Technology Co., Ltd.	26.4	China	Software & Services	1,860	-4.43%	2024	-4.43	Technology sectors	Asia	AEM	86400.0	21.85	10.51	7.86	3.48	2025.0	1.0	2.0	['Operations Incidents;Employee Incidents']	False	0	0	0	0	0	0	0	0
Beijing Jingneng Power Co., Ltd.	52.3	China	Utilities	5,340	6.06%	2024	6.06	Utilities	Asia	AXP	86400.0	18.28	0.13	9.7	8.45	2025.0	1.0	2.0	['Customer Incidents;Business Ethics Incidents']	False	1	0	1	0	0	0	0	0
Beijing Philisense Technology Co., Ltd.	29.4	China	Software & Services	899	-18.89%	2024	-18.89	Technology sectors	Asia	AEM	86400.0	21.85	10.51	7.86	3.48	2025.0	1.0	2.0	['Operations Incidents;Employee Incidents']	False	0	0	0	0	0	0	0	0
Beijing SanYuan Foods Co., Ltd.	40.5	China	Food Products	6,214	2.46%	2024	2.46	Consumer sectors (B2C)	Asia	AXP	86400.0	18.28	0.13	9.7	8.45	2025.0	1.0	2.0	['Customer Incidents;Business Ethics Incidents']	False	1	0	1	0	0	0	0	0
Beijing SDL Technology Co., Ltd.	20.7	China	Pharmaceuticals	1,795	6.21%	2024	6.21	Healthcare and well-being	Asia	AXP	86400.0	18.28	0.13	9.7	8.45	2025.0	1.0	2.0	['Customer Incidents;Business Ethics Incidents']	False	1	0	1	0	0	0	0	0
Beijing Shiji Information Technology Co., Ltd.	27.0	China	Software & Services	5,048	-0.63%	2024	-0.63	Technology sectors	Asia	AEM	86400.0	21.85	10.51	7.86	3.48	2025.0	1.0	2.0	['Operations Incidents;Employee Incidents']	False	0	0	0	0	0	0	0	0
Beijing Shunxin Agriculture Co., Ltd.	37.4	China	Food Products	4,021	5.52%	2024	5.52	Consumer sectors (B2C)	Asia	AEM	86400.0	21.85	10.51	7.86	3.48	2025.0	1.0	2.0	['Operations Incidents;Employee Incidents']	False	0	0	0	0	0	0	0	0
Beijing SL Pharmaceutical Co., Ltd.	32.6	China	Pharmaceuticals	856	1.43%	2024	1.43	Healthcare and well-being	Asia	AEM	86400.0	21.85	10.51	7.86	3.48	2025.0	1.0	2.0	['Operations Incidents;Employee Incidents']	False	0	0	0	0	0	0	0	0
Beijing Teamsun Technology Co., Ltd.	25.8	China	Software & Services	2,469	-8.28%	2024	-8.28	Technology sectors	Asia	AEM	86400.0	21.85	10.51	7.86	3.48	2025.0	1.0	2.0	['Operations Incidents;Employee Incidents']	False	0	0	0	0	0	0	0	0
Beijing Ultrapower Software Co., Ltd.	26.8	China	Software & Services	4,083	22.99%	2024	22.99	Technology sectors	Asia	AEM	86400.0	21.85	10.51	7.86	3.48	2025.0	1.0	2.0	['Operations Incidents;Employee Incidents']	False	0	0	0	0	0	0	0	0
Beijing Urban Construction Investment & Development Co., Ltd.	26.5	China	Real Estate	909	-0.45%	2024	-0.45	Real estate and related services	Asia	AEM	86400.0	21.85	10.51	7.86	3.48	2025.0	1.0	2.0	['Operations Incidents;Employee Incidents']	False	0	0	0	0	0	0	0	0
Beijing Wandong Medical Technology Co., Ltd.	31.6	China	Healthcare	1,059	3.86%	2024	3.86	Healthcare and well-being	Asia	AEM	86400.0	21.85	10.51	7.86	3.48	2025.0	1.0	2.0	['Operations Incidents;Employee Incidents']	False	0	0	0	0	0	0	0	0
Beijing WKW Automotive Parts Co., Ltd.	24.1	China	Auto Components	5,550	11.62%	2024	11.62	Industrial and manufacturing sectors	Asia	AEM	86400.0	21.85	10.51	7.86	3.48	2025.0	1.0	2.0	['Operations Incidents;Employee Incidents']	False	0	0	0	0	0	0	0	0
Beijing Yuanliu Hongyuan Electronic Technology Co., Ltd.	27.3	China	Technology Hardware	1,515	3.64%	2024	3.64	Technology sectors	Asia	AEM	86400.0	21.85	10.51	7.86	3.48	2025.0	1.0	2.0	['Operations Incidents;Employee Incidents']	False	0	0	0	0	0	0	0	0
Beijing Zhong Ke San Huan High-Tech Co., Ltd.	24.3	China	Technology Hardware	5,640	0.17%	2024	0.17	Technology sectors	Asia	AEM	86400.0	21.85	10.51	7.86	3.48	2025.0	1.0	2.0	['Operations Incidents;Employee Incidents']	False	0	0	0	0	0	0	0	0
Bekaert SA	24.0	Belgium	Machinery	23,959	10.79%	2024	10.79	Industrial and manufacturing sectors	Europe	TIGO	86400.0	20.98	4.53	13.41	3.04	2025.0	1.0	1.0	['Customer Incidents;Business Ethics Incidents;Employee Incidents']	False	0	0	0	0	0	0	0	0
Believe SA	14.2	France	Media	1,919	-2.56%	2024	-2.56	Commercial services and media	Europe	TIGO	86400.0	20.98	4.53	13.41	3.04	2025.0	1.0	1.0	['Customer Incidents;Business Ethics Incidents;Employee Incidents']	False	0	0	0	0	0	0	0	0
Bell Food Group AG	35.5	Switzerland	Food Products	13,318	8.57%	2024	8.57	Consumer sectors (B2C)	Europe	AIG	86400.0	23.6	1.95	11.0	10.64	2025.0	1.0	2.0	['Business Ethics Incidents;Customer Incidents']	False	0	0	0	0	0	0	0	0
Best Buy Co., Inc.	13.7	United States of America	Retailing	85,000	43.09%	2024	43.09	Consumer sectors (B2C)	North America	BBY	86400.0	13.67	2.53	7.95	3.2	2025.0	1.0	2.0	['Customer Incidents']	False	1	0	1	0	0	0	0	0
Bestechnic (Shanghai) Co., Ltd.	34.7	China	Semiconductors	690	4.72%	2024	4.72	Technology sectors	Asia	AXP	86400.0	18.28	0.13	9.7	8.45	2025.0	1.0	2.0	['Customer Incidents;Business Ethics Incidents']	False	1	0	1	0	0	0	0	0
Bestore Co., Ltd.	25.4	China	Food Retailers	11,046	0.21%	2024	0.21	Consumer sectors (B2C)	Asia	AEP	86400.0	22.09	10.43	7.76	3.9	2025.0	1.0	2.0	['Customer Incidents;Public Policy Incidents']	False	0	0	0	0	0	0	0	1
BFF Bank SpA	15.0	Italy	Banks	849	32.06%	2024	32.06	Financial sectors	Europe	BNS	86400.0	20.98	0.93	13.04	7.02	2025.0	1.0	2.0	['Customer Incidents;Business Ethics Incidents;Employee Incidents']	False	0	0	0	0	0	0	0	0
BHG Group AB	24.3	Sweden	Retailing	1,994	-5.61%	2024	-5.61	Consumer sectors (B2C)	Europe	AIG	86400.0	23.6	1.95	11.0	10.64	2025.0	1.0	2.0	['Business Ethics Incidents;Customer Incidents']	False	0	0	0	0	0	0	0	0
BICO Group AB	18.6	Sweden	Pharmaceuticals	809	-39.27%	2024	-39.27	Healthcare and well-being	Europe	AIG	86400.0	23.6	1.95	11.0	10.64	2025.0	1.0	2.0	['Business Ethics Incidents;Customer Incidents']	False	0	0	0	0	0	0	0	0
Bicycle Therapeutics Plc	15.8	United Kingdom	Pharmaceuticals	284	-26.67%	2024	-26.67	Healthcare and well-being	Europe	BCYC	86400.0	15.83	3.57	7.42	4.83	2025.0	1.0	0.0		False	1	0	1	0	1	0	0	0
Binjiang Service Group Co. Ltd.	23.2	China	Real Estate	12,678	39.44%	2024	39.44	Real estate and related services	Asia	AXP	86400.0	18.28	0.13	9.7	8.45	2025.0	1.0	2.0	['Customer Incidents;Business Ethics Incidents']	False	1	0	1	0	0	0	0	0
bioMérieux SA	20.6	France	Healthcare	13,839	10.61%	2024	10.61	Healthcare and well-being	Europe	TIGO	86400.0	20.98	4.53	13.41	3.04	2025.0	1.0	1.0	['Customer Incidents;Business Ethics Incidents;Employee Incidents']	False	0	0	0	0	0	0	0	0
Block, Inc.	20.7	United States of America	Software & Services	12,985	5.43%	2024	5.43	Technology sectors	North America	XYZ	86400.0	20.72	1.05	10.99	8.68	2025.0	1.0	2.0	['Customer Incidents;Business Ethics Incidents']	False	0	0	0	0	0	0	0	0
Bloomsbury Publishing Plc	12.7	United Kingdom	Media	Non disponible	19.53%	2024	19.53	Commercial services and media	Europe	PNR	86400.0	22.0	6.12	10.73	5.15	2025.0	1.0	1.0	['Employee Incidents']	False	0	0	0	0	0	0	0	0
Boiron SA	33.1	France	Pharmaceuticals	2,788	4.85%	2024	4.85	Healthcare and well-being	Europe	TIGO	86400.0	20.98	4.53	13.41	3.04	2025.0	1.0	1.0	['Customer Incidents;Business Ethics Incidents;Employee Incidents']	False	0	0	0	0	0	0	0	0
boohoo group Plc	35.1	United Kingdom	Retailing	5,079	-92.50%	2024	-92.5	Consumer sectors (B2C)	Europe	AIG	86400.0	23.6	1.95	11.0	10.64	2025.0	1.0	2.0	['Business Ethics Incidents;Customer Incidents']	False	0	0	0	0	0	0	0	0
Booz Allen Hamilton Holding Corp.	13.1	United States of America	Software & Services	35,800	72.94%	2024	72.94	Technology sectors	North America	BAH	86400.0	13.06	1.37	6.77	4.92	2025.0	1.0	2.0	['Business Ethics Incidents']	False	1	0	1	0	0	0	0	0
discoverIE Group Plc	8.9	United Kingdom	Technology Hardware	4,500	5.31%	2024	5.31	Technology sectors	Europe	AIG	86400.0	23.6	1.95	11.0	10.64	2025.0	1.0	2.0	['Business Ethics Incidents;Customer Incidents']	False	0	0	0	0	0	0	0	0
DKK Co., Ltd.	31.1	Japan	Technology Hardware	1,086	-4.30%	2024	-4.3	Technology sectors	Asia	AEM	86400.0	21.85	10.51	7.86	3.48	2025.0	1.0	2.0	['Operations Incidents;Employee Incidents']	False	0	0	0	0	0	0	0	0
DNB Bank ASA	14.0	Norway	Banks	10,800	15.72%	2024	15.72	Financial sectors	Europe	BNS	86400.0	20.98	0.93	13.04	7.02	2025.0	1.0	2.0	['Customer Incidents;Business Ethics Incidents;Employee Incidents']	False	0	0	0	0	0	0	0	0
DNO ASA	48.4	Norway	Oil & Gas Producers	1,085	6.11%	2024	6.11	Energy and natural resources	Europe	STOHF	86400.0	36.59	21.12	11.39	4.08	2025.0	1.0	2.0	['Product & Service Incidents;Employee Incidents;Customer Incidents;Society & Community Incidents;Operations Incidents;Business Ethics Incidents']	False	0	1	0	1	0	0	0	0
Dollar General Corp.	21.2	United States of America	Retailing	170,000	19.37%	2024	19.37	Consumer sectors (B2C)	North America	DG	86400.0	21.2	3.86	13.07	4.27	2025.0	1.0	3.0	['Employee Incidents']	False	0	0	0	0	0	0	0	0
Dometic Group AB	22.3	Sweden	Consumer Durables	7,259	-4.36%	2024	-4.36	Consumer sectors (B2C)	Europe	AIG	86400.0	23.6	1.95	11.0	10.64	2025.0	1.0	2.0	['Business Ethics Incidents;Customer Incidents']	False	0	0	0	0	0	0	0	0
Dongguan Yiheda Automation Co., Ltd.	34.7	China	Machinery	3,301	19.29%	2024	19.29	Industrial and manufacturing sectors	Asia	AEM	86400.0	21.85	10.51	7.86	3.48	2025.0	1.0	2.0	['Operations Incidents;Employee Incidents']	False	0	0	0	0	0	0	0	0
Dosilicon Co., Ltd.	40.6	China	Semiconductors	262	-8.06%	2024	-8.06	Technology sectors	Asia	AEP	86400.0	22.09	10.43	7.76	3.9	2025.0	1.0	2.0	['Customer Incidents;Public Policy Incidents']	False	0	0	0	0	0	0	0	1
DPC Dash Ltd.	29.0	China	Consumer Services	8,107	-1.15%	2024	-1.15	Consumer sectors (B2C)	Asia	AEM	86400.0	21.85	10.51	7.86	3.48	2025.0	1.0	2.0	['Operations Incidents;Employee Incidents']	False	0	0	0	0	0	0	0	0
Dr. Martens Plc	15.7	United Kingdom	Textiles & Apparel	2,630	8.42%	2024	8.42	Consumer sectors (B2C)	Europe	BPAQF	86400.0	33.2	16.04	9.77	7.39	2025.0	1.0	3.0	['Operations Incidents']	False	0	1	0	1	0	0	0	0
Dun & Bradstreet Holdings, Inc.	18.2	United States of America	Software & Services	6,414	-0.91%	2024	-0.91	Technology sectors	North America	DNB	86400.0	18.17	4.87	7.82	5.48	2025.0	1.0	2.0	['Business Ethics Incidents']	False	1	0	1	0	0	0	0	0
Duskin Co., Ltd.	20.9	Japan	Commercial Services	3,792	3.60%	2024	3.6	Commercial services and media	Asia	AEP	86400.0	22.09	10.43	7.76	3.9	2025.0	1.0	2.0	['Customer Incidents;Public Policy Incidents']	False	0	0	0	0	0	0	0	1
DXC Technology Co.	15.3	United States of America	Software & Services	130,000	0.45%	2024	0.45	Technology sectors	North America	DXC	86400.0	15.3	3.48	7.87	3.94	2025.0	1.0	2.0	['Business Ethics Incidents']	False	1	0	1	0	0	0	0	0
Dynatrace, Inc.	15.0	United States of America	Software & Services	4,700	8.28%	2024	8.28	Technology sectors	North America	DT	86400.0	15.02	1.56	9.04	4.42	2025.0	1.0	1.0	['Customer Incidents;Governance Incidents']	False	1	0	1	0	0	0	0	0
E.ON SE	20.0	Germany	Utilities	74,543	11.10%	2024	11.1	Utilities	Europe	SNA	86400.0	30.88	12.39	11.85	6.63	2025.0	1.0	2.0	['Customer Incidents']	False	0	1	0	1	0	0	0	0
Eastern Air Logistics Co., Ltd.	22.6	China	Transportation	6,332	18.68%	2024	18.68	Transport and logistics	Asia	AXP	86400.0	18.28	0.13	9.7	8.45	2025.0	1.0	2.0	['Customer Incidents;Business Ethics Incidents']	False	1	0	1	0	0	0	0	0
EastGroup Properties, Inc.	12.8	United States of America	Real Estate	96	8.93%	2024	8.93	Real estate and related services	North America	EGP	86400.0	12.8	4.13	3.58	5.09	2025.0	1.0	0.0	['Environmental Supply Chain Incidents;Product & Service Incidents;Business Ethics Incidents;Customer Incidents;Operations Incidents;Society & Community Incidents;Governance Incidents;Public Policy Incidents;Employee Incidents;Social Supply Chain Incidents']	False	1	0	1	0	0	0	0	0
Eastroc Beverage (Group) Co., Ltd.	36.7	China	Food Products	9,460	47.57%	2024	47.57	Consumer sectors (B2C)	Asia	AEM	86400.0	21.85	10.51	7.86	3.48	2025.0	1.0	2.0	['Operations Incidents;Employee Incidents']	False	0	0	0	0	0	0	0	0
Eaton Corp.	24.1	United States of America	Machinery	Non disponible	20.08%	2024	20.08	Industrial and manufacturing sectors	North America	ETN	86400.0	21.05	7.76	9.26	4.03	2025.0	1.0	2.0	['Society & Community Incidents;Operations Incidents']	False	0	0	0	0	0	0	0	0
Eckert & Ziegler SE	33.5	Germany	Healthcare	1,143	15.44%	2024	15.44	Healthcare and well-being	Europe	SAPGF	86400.0	14.37	3.44	7.8	3.13	2025.0	1.0	2.0	['Business Ethics Incidents;Customer Incidents;Employee Incidents']	False	1	0	1	0	0	0	0	0
eDreams ODIGEO SA	13.1	Spain	Software & Services	1,682	14.47%	2024	14.47	Technology sectors	Europe	TIGO	86400.0	20.98	4.53	13.41	3.04	2025.0	1.0	1.0	['Customer Incidents;Business Ethics Incidents;Employee Incidents']	False	0	0	0	0	0	0	0	0
EFG International AG	18.9	Switzerland	Diversified Financials	3,118	14.34%	2024	14.34	Financial sectors	Europe	AIG	86400.0	23.6	1.95	11.0	10.64	2025.0	1.0	2.0	['Business Ethics Incidents;Customer Incidents']	False	0	0	0	0	0	0	0	0
EGing Photovoltaic Technology Co., Ltd.	39.0	China	Semiconductors	2,643	-34.01%	2024	-34.01	Technology sectors	Asia	AEM	86400.0	21.85	10.51	7.86	3.48	2025.0	1.0	2.0	['Operations Incidents;Employee Incidents']	False	0	0	0	0	0	0	0	0
Eiffage SA	36.1	France	Construction & Engineering	73,500	19.49%	2024	19.49	Industrial and manufacturing sectors	Europe	TIGO	86400.0	20.98	4.53	13.41	3.04	2025.0	1.0	1.0	['Customer Incidents;Business Ethics Incidents;Employee Incidents']	False	0	0	0	0	0	0	0	0
Eisai Co., Ltd.	26.5	Japan	Pharmaceuticals	11,067	4.94%	2024	4.94	Healthcare and well-being	Asia	AEM	86400.0	21.85	10.51	7.86	3.48	2025.0	1.0	2.0	['Operations Incidents;Employee Incidents']	False	0	0	0	0	0	0	0	0
Electrolux Professional AB	12.7	Sweden	Machinery	4,370	15.21%	2024	15.21	Industrial and manufacturing sectors	Europe	OTLY	86400.0	25.31	11.67	9.97	3.67	2025.0	1.0	1.0	['Business Ethics Incidents;Customer Incidents']	False	0	0	0	0	0	0	0	0
Elevance Health, Inc.	9.3	United States of America	Healthcare	Non disponible	15.50%	2024	15.5	Healthcare and well-being	North America	ELV	86400.0	9.31	0.09	5.26	3.97	2025.0	1.0	2.0	['Business Ethics Incidents;Customer Incidents']	False	1	0	1	0	0	0	0	0
Elior Group SA	27.6	France	Consumer Services	133,156	-5.06%	2024	-5.06	Consumer sectors (B2C)	Europe	AIG	86400.0	23.6	1.95	11.0	10.64	2025.0	1.0	2.0	['Business Ethics Incidents;Customer Incidents']	False	0	0	0	0	0	0	0	0
Ellaktor SA	30.8	Greece	Construction & Engineering	2,283	15.17%	2024	15.17	Industrial and manufacturing sectors	Europe	TIGO	86400.0	20.98	4.53	13.41	3.04	2025.0	1.0	1.0	['Customer Incidents;Business Ethics Incidents;Employee Incidents']	False	0	0	0	0	0	0	0	0
Elmos Semiconductor SE	27.2	Germany	Semiconductors	869	21.98%	2024	21.98	Technology sectors	Europe	SAPGF	86400.0	14.37	3.44	7.8	3.13	2025.0	1.0	2.0	['Business Ethics Incidents;Customer Incidents;Employee Incidents']	False	1	0	1	0	0	0	0	0
Elo SA	26.5	France	Food Retailers	Non disponible	2.32%	2024	2.32	Consumer sectors (B2C)	Europe	TIGO	86400.0	20.98	4.53	13.41	3.04	2025.0	1.0	1.0	['Customer Incidents;Business Ethics Incidents;Employee Incidents']	False	0	0	0	0	0	0	0	0
EM Systems Co., Ltd.	21.1	Japan	Software & Services	811	10.85%	2024	10.85	Technology sectors	Asia	AEP	86400.0	22.09	10.43	7.76	3.9	2025.0	1.0	2.0	['Customer Incidents;Public Policy Incidents']	False	0	0	0	0	0	0	0	1
Emerson Electric Co.	22.8	United States of America	Machinery	73,000	5.93%	2024	5.93	Industrial and manufacturing sectors	North America	EMR	86400.0	22.79	6.05	12.6	4.13	2025.0	1.0	1.0	['Employee Incidents;Customer Incidents;Business Ethics Incidents']	False	0	0	0	0	0	0	0	0
Empiric Student Property PLC	16.1	United Kingdom	Real Estate	358	7.32%	2024	7.32	Real estate and related services	Europe	PNR	86400.0	22.0	6.12	10.73	5.15	2025.0	1.0	1.0	['Employee Incidents']	False	0	0	0	0	0	0	0	0
ENEA SA	43.0	Poland	Utilities	18,027	10.81%	2024	10.81	Utilities	Europe	TIGO	86400.0	20.98	4.53	13.41	3.04	2025.0	1.0	1.0	['Customer Incidents;Business Ethics Incidents;Employee Incidents']	False	0	0	0	0	0	0	0	0
Energean Plc	31.5	United Kingdom	Oil & Gas Producers	98	43.04%	2024	43.04	Energy and natural resources	Europe	BPAQF	86400.0	33.2	16.04	9.77	7.39	2025.0	1.0	3.0	['Operations Incidents']	False	0	1	0	1	0	0	0	0
ENGIE SA	30.2	France	Utilities	96,000	15.18%	2024	15.18	Utilities	Europe	TIGO	86400.0	20.98	4.53	13.41	3.04	2025.0	1.0	1.0	['Customer Incidents;Business Ethics Incidents;Employee Incidents']	False	0	0	0	0	0	0	0	0
Eniro Group AB	14.9	Sweden	Media	900	18.49%	2024	18.49	Commercial services and media	Europe	AIG	86400.0	23.6	1.95	11.0	10.64	2025.0	1.0	2.0	['Business Ethics Incidents;Customer Incidents']	False	0	0	0	0	0	0	0	0
Enovis Corp.	31.1	United States of America	Healthcare	6,550	-3.56%	2024	-3.56	Healthcare and well-being	North America	ENOV	86400.0	31.09	4.89	18.16	8.04	2025.0	1.0	0.0	['Employee Incidents;Product & Service Incidents;Governance Incidents;Public Policy Incidents;Social Supply Chain Incidents;Business Ethics Incidents;Customer Incidents;Operations Incidents;Society & Community Incidents;Environmental Supply Chain Incidents']	False	0	1	0	1	1	0	0	0
Entegris, Inc.	19.8	United States of America	Semiconductors	8,000	6.57%	2024	6.57	Technology sectors	North America	ENTG	86400.0	19.77	8.95	6.28	4.55	2025.0	1.0	0.0	['Public Policy Incidents;Environmental Supply Chain Incidents;Social Supply Chain Incidents;Product & Service Incidents;Governance Incidents;Society & Community Incidents;Employee Incidents;Customer Incidents;Business Ethics Incidents;Operations Incidents']	False	1	0	1	0	0	0	0	0
Envista Holdings Corp.	26.9	United States of America	Healthcare	12,800	-36.31%	2024	-36.31	Healthcare and well-being	North America	NVST	86400.0	26.91	4.21	16.85	5.85	2025.0	1.0	1.0	['Customer Incidents']	False	0	0	0	0	1	0	0	0
Equinix, Inc.	13.1	United States of America	Real Estate	13,151	8.27%	2024	8.27	Real estate and related services	North America	EQIX	86400.0	13.14	3.56	4.76	4.82	2025.0	1.0	1.0	['Customer Incidents;Business Ethics Incidents']	False	1	0	1	0	0	0	0	0
Equinor ASA	36.6	Norway	Oil & Gas Producers	24,467	20.27%	2024	20.27	Energy and natural resources	Europe	STOHF	86400.0	36.59	21.12	11.39	4.08	2025.0	1.0	2.0	['Product & Service Incidents;Employee Incidents;Customer Incidents;Society & Community Incidents;Operations Incidents;Business Ethics Incidents']	False	0	1	0	1	0	0	0	0
Eramet SA	30.9	France	Diversified Metals	9,167	-5.84%	2024	-5.84	Energy and natural resources	Europe	TIGO	86400.0	20.98	4.53	13.41	3.04	2025.0	1.0	1.0	['Customer Incidents;Business Ethics Incidents;Employee Incidents']	False	0	0	0	0	0	0	0	0
Erste Group Bank AG	16.0	Austria	Banks	45,341	13.98%	2024	13.98	Financial sectors	Europe	AIG	86400.0	23.6	1.95	11.0	10.64	2025.0	1.0	2.0	['Business Ethics Incidents;Customer Incidents']	False	0	0	0	0	0	0	0	0
ESAB Corp.	30.6	United States of America	Machinery	9,000	16.32%	2024	16.32	Industrial and manufacturing sectors	North America	ESAB	86400.0	30.6	12.98	12.09	5.53	2025.0	1.0	1.0	['Society & Community Incidents']	False	0	1	0	1	0	0	0	0
Esker SA	16.5	France	Software & Services	1,028	15.32%	2024	15.32	Technology sectors	Europe	TIGO	86400.0	20.98	4.53	13.41	3.04	2025.0	1.0	1.0	['Customer Incidents;Business Ethics Incidents;Employee Incidents']	False	0	0	0	0	0	0	0	0
Espressif Systems (Shanghai) Co., Ltd.	33.9	China	Semiconductors	625	15.07%	2024	15.07	Technology sectors	Asia	AEM	86400.0	21.85	10.51	7.86	3.48	2025.0	1.0	2.0	['Operations Incidents;Employee Incidents']	False	0	0	0	0	0	0	0	0
Esprinet SpA	7.5	Italy	Technology Hardware	1,800	5.38%	2024	5.38	Technology sectors	Europe	EIPAF	86400.0	25.91	14.87	6.31	4.73	2025.0	1.0	2.0	['Operations Incidents;Customer Incidents;Employee Incidents;Business Ethics Incidents;Society & Community Incidents;Product & Service Incidents']	False	0	0	0	0	0	0	0	0
Essential Utilities, Inc.	18.5	United States of America	Utilities	3,258	9.02%	2024	9.02	Utilities	North America	WTRG	86400.0	18.51	4.5	9.93	4.08	2025.0	1.0	1.0	['Customer Incidents']	False	1	0	1	0	0	0	0	0
euglena Co., Ltd.	30.7	Japan	Household Products	846	-8.36%	2024	-8.36	Consumer sectors (B2C)	Asia	AEP	86400.0	22.09	10.43	7.76	3.9	2025.0	1.0	2.0	['Customer Incidents;Public Policy Incidents']	False	0	0	0	0	0	0	0	1
Eurocash SA	25.7	Poland	Food Retailers	18,785	3.50%	2024	3.5	Consumer sectors (B2C)	Europe	TIGO	86400.0	20.98	4.53	13.41	3.04	2025.0	1.0	1.0	['Customer Incidents;Business Ethics Incidents;Employee Incidents']	False	0	0	0	0	0	0	0	0
Eurocell Plc	23.6	United Kingdom	Building Products	2,048	11.57%	2024	11.57	Industrial and manufacturing sectors	Europe	BPAQF	86400.0	33.2	16.04	9.77	7.39	2025.0	1.0	3.0	['Operations Incidents']	False	0	1	0	1	0	0	0	0
Eurofins Scientific SE	15.2	Luxembourg	Pharmaceuticals	62,000	7.27%	2024	7.27	Healthcare and well-being	Europe	SAPGF	86400.0	14.37	3.44	7.8	3.13	2025.0	1.0	2.0	['Business Ethics Incidents;Customer Incidents;Employee Incidents']	False	1	0	1	0	0	0	0	0
Euronet Worldwide, Inc.	21.4	United States of America	Software & Services	10,000	26.40%	2024	26.4	Technology sectors	North America	EEFT	86400.0	21.4	3.05	12.31	6.05	2025.0	1.0	0.0	['Business Ethics Incidents;Society & Community Incidents;Public Policy Incidents;Product & Service Incidents;Employee Incidents;Customer Incidents;Governance Incidents;Operations Incidents;Environmental Supply Chain Incidents;Social Supply Chain Incidents']	False	0	0	0	0	0	0	0	0
Evergy, Inc.	29.2	United States of America	Utilities	4,658	8.73%	2024	8.73	Utilities	North America	EVRG	86400.0	29.24	13.73	10.64	4.88	2025.0	1.0	1.0	['Operations Incidents;Customer Incidents']	False	0	0	0	0	0	0	0	1
Eversource Energy	18.1	United States of America	Utilities	10,171	-3.49%	2024	-3.49	Utilities	North America	ES	86400.0	18.08	4.1	8.17	5.82	2025.0	1.0	2.0	['Customer Incidents;Operations Incidents;Business Ethics Incidents']	False	1	0	1	0	0	0	0	0
Evotec SE	17.7	Germany	Pharmaceuticals	5,022	-16.25%	2024	-16.25	Healthcare and well-being	Europe	EVOTF	86400.0	17.65	1.52	11.79	4.34	2025.0	1.0	1.0	['Customer Incidents;Governance Incidents']	False	1	0	1	0	1	0	0	0
EXACT Sciences Corp.	20.9	United States of America	Pharmaceuticals	0	-6.76%	2024	-6.76	Healthcare and well-being	North America	EXAS	86400.0	20.85	1.29	13.88	5.69	2025.0	1.0	2.0	['Business Ethics Incidents']	False	0	0	0	0	0	0	0	0
Exclusive Networks SA	17.9	France	Software & Services	2,708	4.27%	2024	4.27	Technology sectors	Europe	TIGO	86400.0	20.98	4.53	13.41	3.04	2025.0	1.0	1.0	['Customer Incidents;Business Ethics Incidents;Employee Incidents']	False	0	0	0	0	0	0	0	0
Exelon Corp.	19.0	United States of America	Utilities	19,962	9.33%	2024	9.33	Utilities	North America	EXC	86400.0	18.79	6.36	8.1	4.33	2025.0	1.0	3.0	['Public Policy Incidents']	False	1	0	1	0	0	0	0	0
Expedia Group, Inc.	22.1	United States of America	Software & Services	17,100	38.57%	2024	38.57	Technology sectors	North America	EXPE	86400.0	22.12	2.73	11.59	7.8	2025.0	1.0	2.0	['Business Ethics Incidents;Customer Incidents']	False	0	0	0	0	0	0	0	0
Expeditors International of Washington, Inc.	18.4	United States of America	Transportation	18,100	30.29%	2024	30.29	Transport and logistics	North America	EXPD	86400.0	18.4	5.07	9.04	4.29	2025.0	1.0	2.0	['Customer Incidents']	False	1	0	1	0	0	0	0	0
Exxon Mobil Corp.	43.7	United States of America	Oil & Gas Producers	61,500	14.51%	2024	14.51	Energy and natural resources	North America	XOM	86400.0	43.66	25.09	11.58	6.99	2025.0	1.0	3.0	['Operations Incidents']	False	0	1	0	1	0	0	0	0
Eyebright Medical Technology (Beijing) Co., Ltd.	33.0	China	Healthcare	2,074	14.76%	2024	14.76	Healthcare and well-being	Asia	AEM	86400.0	21.85	10.51	7.86	3.48	2025.0	1.0	2.0	['Operations Incidents;Employee Incidents']	False	0	0	0	0	0	0	0	0
F-Secure Oyj	18.2	Finland	Software & Services	530	58.61%	2024	58.61	Technology sectors	Europe	VFC	86400.0	14.36	0.93	8.86	4.58	2025.0	1.0	2.0	['Business Ethics Incidents;Customer Incidents;Social Supply Chain Incidents']	False	1	0	1	0	0	0	0	0
Fastighets AB Trianon	16.0	Sweden	Real Estate	81	-5.48%	2024	-5.48	Real estate and related services	Europe	OTLY	86400.0	25.31	11.67	9.97	3.67	2025.0	1.0	1.0	['Business Ethics Incidents;Customer Incidents']	False	0	0	0	0	0	0	0	0
Feed One Co., Ltd.	46.0	Japan	Food Products	902	12.36%	2024	12.36	Consumer sectors (B2C)	Asia	AEP	86400.0	22.09	10.43	7.76	3.9	2025.0	1.0	2.0	['Customer Incidents;Public Policy Incidents']	False	0	0	0	0	0	0	0	1
Fenix Outdoor International AG	9.1	Switzerland	Consumer Durables	2,972	2.65%	2024	2.65	Consumer sectors (B2C)	Europe	EIX	86400.0	23.97	8.38	12.11	3.48	2025.0	1.0	3.0	['Customer Incidents']	False	0	0	0	0	0	0	0	1
Ferretti SpA	31.1	Italy	Machinery	2,090	10.51%	2024	10.51	Industrial and manufacturing sectors	Europe	EIPAF	86400.0	25.91	14.87	6.31	4.73	2025.0	1.0	2.0	['Operations Incidents;Customer Incidents;Employee Incidents;Business Ethics Incidents;Society & Community Incidents;Product & Service Incidents']	False	0	0	0	0	0	0	0	0
Ferrovial SE	20.2	Netherlands	Construction & Engineering	25,195	16.70%	2024	16.7	Industrial and manufacturing sectors	Europe	FER	86400.0	20.2	8.65	8.08	3.47	2025.0	1.0	2.0	['Customer Incidents;Business Ethics Incidents']	False	0	0	0	0	0	0	0	0
Fevertree Drinks Plc	23.7	United Kingdom	Food Products	375	9.47%	2024	9.47	Consumer sectors (B2C)	Europe	PNR	86400.0	22.0	6.12	10.73	5.15	2025.0	1.0	1.0	['Employee Incidents']	False	0	0	0	0	0	0	0	0
Fidelity National Information Services, Inc.	18.2	United States of America	Software & Services	60,000	3.03%	2024	3.03	Technology sectors	North America	FIS	86400.0	18.24	5.45	9.99	2.81	2025.0	1.0	1.0	['Governance Incidents;Employee Incidents']	False	1	0	1	0	0	0	0	0
Fiera Milano SpA	12.3	Italy	Commercial Services	728	26.44%	2024	26.44	Commercial services and media	Europe	EIPAF	86400.0	25.91	14.87	6.31	4.73	2025.0	1.0	2.0	['Operations Incidents;Customer Incidents;Employee Incidents;Business Ethics Incidents;Society & Community Incidents;Product & Service Incidents']	False	0	0	0	0	0	0	0	0
FILA - Fabbrica Italiana Lapis ed Affini SpA	10.1	Italy	Commercial Services	3,400	33.92%	2024	33.92	Commercial services and media	Europe	EIPAF	86400.0	25.91	14.87	6.31	4.73	2025.0	1.0	2.0	['Operations Incidents;Customer Incidents;Employee Incidents;Business Ethics Incidents;Society & Community Incidents;Product & Service Incidents']	False	0	0	0	0	0	0	0	0
Financial Street Holdings Co., Ltd.	30.5	China	Real Estate	2,284	-8.92%	2024	-8.92	Real estate and related services	Asia	AEM	86400.0	21.85	10.51	7.86	3.48	2025.0	1.0	2.0	['Operations Incidents;Employee Incidents']	False	0	0	0	0	0	0	0	0
Fincantieri SpA	13.4	Italy	Machinery	22,064	-11.55%	2024	-11.55	Industrial and manufacturing sectors	Europe	EIPAF	86400.0	25.91	14.87	6.31	4.73	2025.0	1.0	2.0	['Operations Incidents;Customer Incidents;Employee Incidents;Business Ethics Incidents;Society & Community Incidents;Product & Service Incidents']	False	0	0	0	0	0	0	0	0
First American Financial Corp.	25.7	United States of America	Insurance	19,210	1.95%	2024	1.95	Financial sectors	North America	FAF	86400.0	25.74	2.32	10.47	12.95	2025.0	1.0	1.0	['Customer Incidents;Business Ethics Incidents']	False	0	0	0	0	0	0	0	0
First Hawaiian, Inc.	22.5	United States of America	Banks	2,000	9.01%	2024	9.01	Financial sectors	North America	FHB	86400.0	22.54	1.7	10.34	10.5	2025.0	1.0	0.0	['Society & Community Incidents;Customer Incidents;Employee Incidents;Governance Incidents;Social Supply Chain Incidents;Public Policy Incidents;Business Ethics Incidents;Environmental Supply Chain Incidents;Product & Service Incidents;Operations Incidents']	False	0	0	0	0	0	0	0	0
First Industrial Realty Trust, Inc.	15.0	United States of America	Real Estate	156	11.93%	2024	11.93	Real estate and related services	North America	FR	86400.0	15.04	4.33	4.76	5.94	2025.0	1.0	0.0	['Product & Service Incidents;Public Policy Incidents;Operations Incidents;Customer Incidents;Social Supply Chain Incidents;Environmental Supply Chain Incidents;Governance Incidents;Society & Community Incidents;Employee Incidents;Business Ethics Incidents']	False	1	0	1	0	0	0	0	0
FirstEnergy Corp.	27.5	United States of America	Utilities	12,042	8.30%	2024	8.3	Utilities	North America	FE	86400.0	27.51	12.64	10.75	4.12	2025.0	1.0	3.0	['Business Ethics Incidents']	False	0	0	0	0	0	0	0	0
Five9, Inc.	27.4	United States of America	Software & Services	2,684	-6.93%	2024	-6.93	Technology sectors	North America	FIVN	86400.0	27.41	6.21	12.82	8.38	2025.0	1.0	1.0	['Business Ethics Incidents']	False	0	0	0	0	0	0	0	0
Flect Co., Ltd.	23.5	Japan	Software & Services	324	26.92%	2024	26.92	Technology sectors	Asia	AEM	86400.0	21.85	10.51	7.86	3.48	2025.0	1.0	2.0	['Operations Incidents;Employee Incidents']	False	0	0	0	0	0	0	0	0
Flex Ltd.	7.6	United States of America	Technology Hardware	148,115	15.44%	2024	15.44	Technology sectors	North America	FLEX	86400.0	7.59	1.91	3.22	2.46	2025.0	1.0	1.0	['Employee Incidents;Society & Community Incidents']	False	1	0	1	0	0	0	0	0
Floor & Decor Holdings, Inc.	15.1	United States of America	Retailing	9,857	9.78%	2024	9.78	Consumer sectors (B2C)	North America	FND	86400.0	15.12	6.03	6.75	2.33	2025.0	1.0	1.0	['Employee Incidents']	False	1	0	1	0	0	0	0	0
Flutter Entertainment Plc	22.4	United States of America	Consumer Services	23,009	-7.19%	2024	-7.19	Consumer sectors (B2C)	North America	FLUT	86400.0	22.4	3.01	14.31	5.09	2025.0	1.0	2.0	['Society & Community Incidents;Employee Incidents;Business Ethics Incidents;Customer Incidents']	False	0	0	0	0	0	1	0	0
Fnac Darty SA	12.3	France	Retailing	25,000	1.46%	2024	1.46	Consumer sectors (B2C)	Europe	TIGO	86400.0	20.98	4.53	13.41	3.04	2025.0	1.0	1.0	['Customer Incidents;Business Ethics Incidents;Employee Incidents']	False	0	0	0	0	0	0	0	0
